{"gamma": 0.022727272745292806, "intercept": -2.676005136020461}